﻿ID,FECHA CREACION,USUARIOCREA,ESTADO,FECHA,NUMRECIBO,TIPOCARTERA,EMPRESAPERSONA,SUCURSAL_ID,TIPODOCUMENTO_ID,USUARIOPROCESA_ID,DESCRIPCION,CAJARECAUDACION_ID,VALOR,ESTADOCONTABLE
29773,02-04-2018,ADMIN,P,02-04-2018,DEB-28866,C,51,1,7,3,CUOTA EXTRAORDINARIA,1,20.00,P
29774,02-04-2018,ADMIN,P,02-04-2018,DEB-28915,C,51,1,7,3,CUOTA EXTRAORDINARIA,1,2.50,P
29775,02-04-2018,ADMIN,P,02-04-2018,DEB-28867,C,10,1,7,3,CUOTA EXTRAORDINARIA,1,29.17,P
29776,02-04-2018,ADMIN,P,02-04-2018,DEB-28916,C,10,1,7,3,CUOTA EXTRAORDINARIA,1,4.50,P
29777,02-04-2018,ADMIN,P,02-04-2018,DEB-28895,C,11,1,7,3,CUOTA EXTRAORDINARIA,1,27.88,P
29778,02-04-2018,ADMIN,P,02-04-2018,DEB-28936,C,11,1,7,3,CUOTA EXTRAORDINARIA,1,3.70,P
29779,02-04-2018,ADMIN,P,02-04-2018,DEB-28868,C,12,1,7,3,CUOTA EXTRAORDINARIA,1,22.63,P
29780,02-04-2018,ADMIN,P,02-04-2018,DEB-28917,C,12,1,7,3,CUOTA EXTRAORDINARIA,1,3.00,P
29781,02-04-2018,ADMIN,P,02-04-2018,DEB-28869,C,15,1,7,3,CUOTA EXTRAORDINARIA,1,22.92,P
29782,02-04-2018,ADMIN,P,02-04-2018,DEB-28870,C,17,1,7,3,CUOTA EXTRAORDINARIA,1,26.70,P
29783,02-04-2018,ADMIN,P,02-04-2018,DEB-28918,C,17,1,7,3,CUOTA EXTRAORDINARIA,1,3.10,P
29784,02-04-2018,ADMIN,P,02-04-2018,DEB-28871,C,20,1,7,3,CUOTA EXTRAORDINARIA,1,10.00,P
29785,02-04-2018,ADMIN,P,02-04-2018,DEB-28937,C,23,1,7,3,CUOTA EXTRAORDINARIA,1,5.00,P
29786,02-04-2018,ADMIN,P,02-04-2018,DEB-28894,C,24,1,7,3,CUOTA EXTRAORDINARIA,1,25.00,P
29787,02-04-2018,ADMIN,P,02-04-2018,DEB-28935,C,24,1,7,3,CUOTA EXTRAORDINARIA,1,2.00,P
29788,02-04-2018,ADMIN,P,02-04-2018,DEB-28872,C,25,1,7,3,CUOTA EXTRAORDINARIA,1,23.61,P
29789,02-04-2018,ADMIN,P,02-04-2018,DEB-28919,C,25,1,7,3,CUOTA EXTRAORDINARIA,1,1.17,P
29790,02-04-2018,ADMIN,P,02-04-2018,DEB-28897,C,27,1,7,3,CUOTA EXTRAORDINARIA,1,12.50,P
29791,02-04-2018,ADMIN,P,02-04-2018,DEB-28873,C,28,1,7,3,CUOTA EXTRAORDINARIA,1,25.00,P
29792,02-04-2018,ADMIN,P,02-04-2018,DEB-28920,C,28,1,7,3,CUOTA EXTRAORDINARIA,1,1.50,P
29793,02-04-2018,ADMIN,P,02-04-2018,DEB-28898,C,29,1,7,3,CUOTA EXTRAORDINARIA,1,10.00,P
29794,02-04-2018,ADMIN,P,02-04-2018,DEB-28899,C,30,1,7,3,CUOTA EXTRAORDINARIA,1,18.33,P
29795,02-04-2018,ADMIN,P,02-04-2018,DEB-28900,C,32,1,7,3,CUOTA EXTRAORDINARIA,1,12.50,P
29796,02-04-2018,ADMIN,P,02-04-2018,DEB-28938,C,32,1,7,3,CUOTA EXTRAORDINARIA,1,4.50,P
29797,02-04-2018,ADMIN,P,02-04-2018,DEB-28874,C,34,1,7,3,CUOTA EXTRAORDINARIA,1,29.02,P
29798,02-04-2018,ADMIN,P,02-04-2018,DEB-28901,C,35,1,7,3,CUOTA EXTRAORDINARIA,1,9.38,P
29799,02-04-2018,ADMIN,P,02-04-2018,DEB-28875,C,37,1,7,3,CUOTA EXTRAORDINARIA,1,26.67,P
29800,02-04-2018,ADMIN,P,02-04-2018,DEB-28921,C,37,1,7,3,CUOTA EXTRAORDINARIA,1,3.50,P
29801,02-04-2018,ADMIN,P,02-04-2018,DEB-28876,C,38,1,7,3,CUOTA EXTRAORDINARIA,1,13.75,P
29802,02-04-2018,ADMIN,P,02-04-2018,DEB-28902,C,40,1,7,3,CUOTA EXTRAORDINARIA,1,30.00,P
29803,02-04-2018,ADMIN,P,02-04-2018,DEB-28903,C,42,1,7,3,CUOTA EXTRAORDINARIA,1,27.50,P
29804,02-04-2018,ADMIN,P,02-04-2018,DEB-28939,C,42,1,7,3,CUOTA EXTRAORDINARIA,1,3.50,P
29805,02-04-2018,ADMIN,P,02-04-2018,DEB-28877,C,43,1,7,3,CUOTA EXTRAORDINARIA,1,27.50,P
29841,02-04-2018,ADMIN,P,02-04-2018,DEB-28922,C,43,1,7,3,CUOTA EXTRAORDINARIA,1,4.00,P
29842,02-04-2018,ADMIN,P,02-04-2018,DEB-28878,C,44,1,7,3,CUOTA EXTRAORDINARIA,1,27.50,P
29843,02-04-2018,ADMIN,P,02-04-2018,DEB-28923,C,44,1,7,3,CUOTA EXTRAORDINARIA,1,3.50,P
29844,02-04-2018,ADMIN,P,02-04-2018,DEB-28879,C,48,1,7,3,CUOTA EXTRAORDINARIA,1,26.90,P
29845,02-04-2018,ADMIN,P,02-04-2018,DEB-28924,C,48,1,7,3,CUOTA EXTRAORDINARIA,1,3.40,P
29846,02-04-2018,ADMIN,P,02-04-2018,DEB-28880,C,49,1,7,3,CUOTA EXTRAORDINARIA,1,18.33,P
29847,02-04-2018,ADMIN,P,02-04-2018,DEB-28881,C,50,1,7,3,CUOTA EXTRAORDINARIA,1,14.38,P
29848,02-04-2018,ADMIN,P,02-04-2018,DEB-28925,C,50,1,7,3,CUOTA EXTRAORDINARIA,1,1.75,P
29849,02-04-2018,ADMIN,P,02-04-2018,DEB-28882,C,53,1,7,3,CUOTA EXTRAORDINARIA,1,20.00,P
29850,02-04-2018,ADMIN,P,02-04-2018,DEB-28926,C,53,1,7,3,CUOTA EXTRAORDINARIA,1,2.50,P
29851,02-04-2018,ADMIN,P,02-04-2018,DEB-28883,C,55,1,7,3,CUOTA EXTRAORDINARIA,1,24.17,P
29852,02-04-2018,ADMIN,P,02-04-2018,DEB-28927,C,55,1,7,3,CUOTA EXTRAORDINARIA,1,1.50,P
29853,02-04-2018,ADMIN,P,02-04-2018,DEB-28884,C,56,1,7,3,CUOTA EXTRAORDINARIA,1,16.67,P
29854,02-04-2018,ADMIN,P,02-04-2018,DEB-28928,C,56,1,7,3,CUOTA EXTRAORDINARIA,1,1.00,P
29855,02-04-2018,ADMIN,P,02-04-2018,DEB-28885,C,57,1,7,3,CUOTA EXTRAORDINARIA,1,28.33,P
29856,02-04-2018,ADMIN,P,02-04-2018,DEB-28929,C,57,1,7,3,CUOTA EXTRAORDINARIA,1,3.00,P
29857,02-04-2018,ADMIN,P,02-04-2018,DEB-28886,C,58,1,7,3,CUOTA EXTRAORDINARIA,1,14.50,P
29858,02-04-2018,ADMIN,P,02-04-2018,DEB-28930,C,58,1,7,3,CUOTA EXTRAORDINARIA,1,2.17,P
29859,02-04-2018,ADMIN,P,02-04-2018,DEB-28904,C,60,1,7,3,CUOTA EXTRAORDINARIA,1,25.83,P
29860,02-04-2018,ADMIN,P,02-04-2018,DEB-28940,C,60,1,7,3,CUOTA EXTRAORDINARIA,1,2.50,P
29861,02-04-2018,ADMIN,P,02-04-2018,DEB-28887,C,62,1,7,3,CUOTA EXTRAORDINARIA,1,4.38,P
29862,02-04-2018,ADMIN,P,02-04-2018,DEB-28931,C,62,1,7,3,CUOTA EXTRAORDINARIA,1,2.50,P
29863,02-04-2018,ADMIN,P,02-04-2018,DEB-28888,C,63,1,7,3,CUOTA EXTRAORDINARIA,1,1.25,P
29864,02-04-2018,ADMIN,P,02-04-2018,DEB-28905,C,64,1,7,3,CUOTA EXTRAORDINARIA,1,15.10,P
29865,02-04-2018,ADMIN,P,02-04-2018,DEB-28941,C,64,1,7,3,CUOTA EXTRAORDINARIA,1,5.00,P
29866,02-04-2018,ADMIN,P,02-04-2018,DEB-28889,C,65,1,7,3,CUOTA EXTRAORDINARIA,1,26.67,P
29867,02-04-2018,ADMIN,P,02-04-2018,DEB-28932,C,65,1,7,3,CUOTA EXTRAORDINARIA,1,3.00,P
29868,02-04-2018,ADMIN,P,02-04-2018,DEB-28890,C,67,1,7,3,CUOTA EXTRAORDINARIA,1,14.38,P
29869,02-04-2018,ADMIN,P,02-04-2018,DEB-28891,C,68,1,7,3,CUOTA EXTRAORDINARIA,1,21.25,P
29870,02-04-2018,ADMIN,P,02-04-2018,DEB-28933,C,68,1,7,3,CUOTA EXTRAORDINARIA,1,2.50,P
29871,02-04-2018,ADMIN,P,02-04-2018,DEB-28892,C,70,1,7,3,CUOTA EXTRAORDINARIA,1,15.56,P
29872,02-04-2018,ADMIN,P,02-04-2018,DEB-28934,C,70,1,7,3,CUOTA EXTRAORDINARIA,1,5.00,P
29873,02-04-2018,ADMIN,P,02-04-2018,DEB-28893,C,71,1,7,3,CUOTA EXTRAORDINARIA,1,25.00,P
29874,02-04-2018,ADMIN,P,02-04-2018,DEB-28906,C,13,1,7,3,CUOTA EXTRAORDINARIA,1,17.05,P
29875,02-04-2018,ADMIN,P,02-04-2018,DEB-28942,C,13,1,7,3,CUOTA EXTRAORDINARIA,1,4.78,P
29876,02-04-2018,ADMIN,P,02-04-2018,DEB-28907,C,14,1,7,3,CUOTA EXTRAORDINARIA,1,15.28,P
29877,02-04-2018,ADMIN,P,02-04-2018,DEB-28943,C,66,1,7,3,CUOTA EXTRAORDINARIA,1,0.88,P
29878,02-04-2018,ADMIN,P,02-04-2018,DEB-28908,C,22,1,7,3,CUOTA EXTRAORDINARIA,1,18.75,P
29879,02-04-2018,ADMIN,P,02-04-2018,DEB-28944,C,22,1,7,3,CUOTA EXTRAORDINARIA,1,0.50,P
29880,02-04-2018,ADMIN,P,02-04-2018,DEB-28909,C,47,1,7,3,CUOTA EXTRAORDINARIA,1,25.00,P
29881,02-04-2018,ADMIN,P,02-04-2018,DEB-28945,C,47,1,7,3,CUOTA EXTRAORDINARIA,1,2.00,P
29882,02-04-2018,ADMIN,P,02-04-2018,DEB-28910,C,39,1,7,3,CUOTA EXTRAORDINARIA,1,12.22,P
29883,02-04-2018,ADMIN,P,02-04-2018,DEB-28911,C,33,1,7,3,CUOTA EXTRAORDINARIA,1,9.38,P
29884,02-04-2018,ADMIN,P,02-04-2018,DEB-28946,C,33,1,7,3,CUOTA EXTRAORDINARIA,1,3.50,P
29885,02-04-2018,ADMIN,P,02-04-2018,DEB-28912,C,61,1,7,3,CUOTA EXTRAORDINARIA,1,5.21,P
29886,02-04-2018,ADMIN,P,02-04-2018,DEB-28947,C,61,1,7,3,CUOTA EXTRAORDINARIA,1,5.00,P
29887,02-04-2018,ADMIN,P,02-04-2018,DEB-28913,C,18,1,7,3,CUOTA EXTRAORDINARIA,1,28.23,P
29888,02-04-2018,ADMIN,P,02-04-2018,DEB-28948,C,18,1,7,3,CUOTA EXTRAORDINARIA,1,3.15,P
29889,02-04-2018,ADMIN,P,02-04-2018,DEB-28914,C,16,1,7,3,CUOTA EXTRAORDINARIA,1,23.96,P
29890,02-04-2018,ADMIN,P,02-04-2018,DEB-28949,C,26,1,7,3,CUOTA EXTRAORDINARIA,1,4.50,P
